{
  "feat_dim": 134,
  "seq_len": 91,
  "mean": [
    0.16919541358947754,
    0.020906997844576836,
    0.16832618415355682,
    0.08825768530368805,
    0.08108559250831604,
    0.08784826844930649,
    0.04360243305563927,
    0.15675680339336395,
    0.08083013445138931,
    0.15790268778800964,
    0.2566637098789215,
    0.08830014616250992,
    0.2883375585079193,
    0.17093022167682648,
    0.26852449774742126,
    0.21483635902404785,
    0.16680417954921722,
    0.27567246556282043,
    0.10727695375680923,
    0.2759453058242798,
    0.09790140390396118,
    0.2785149812698364,
    0.09173552691936493,
    0.28216663002967834,
    0.2270369976758957,
    0.2775329649448395,
    0.22911153733730316,
    0.28100037574768066,
    0.23511472344398499,
    0.285054475069046,
    0.14992429316043854,
    0.01070476695895195,
    0.18805378675460815,
    0.01000390388071537,
    0.12237368524074554,
    0.02178354747593403,
    0.21308472752571106,
    0.01685791276395321,
    0.24111761152744293,
    0.2891230881214142,
    0.24713069200515747,
    0.2913401424884796,
    0.229008287191391,
    0.28879719972610474,
    0.08556781709194183,
    0.2858111262321472,
    0.07949503511190414,
    0.28187763690948486,
    0.09780296683311462,
    0.28611043095588684,
    0.2657420337200165,
    0.21520768105983734,
    0.25546950101852417,
    0.21826958656311035,
    0.2466263771057129,
    0.2245548665523529,
    0.24281562864780426,
    0.23139320313930511,
    0.24044585227966309,
    0.23661009967327118,
    0.2564680874347687,
    0.23045459389686584,
    0.24988040328025818,
    0.23895539343357086,
    0.24438251554965973,
    0.24399268627166748,
    0.24019554257392883,
    0.2476332038640976,
    0.2618130147457123,
    0.23218196630477905,
    0.25406506657600403,
    0.24112118780612946,
    0.2477707415819168,
    0.24626916646957397,
    0.24272483587265015,
    0.24992206692695618,
    0.26506924629211426,
    0.23283658921718597,
    0.2580009400844574,
    0.2404659241437912,
    0.2513578534126282,
    0.2455081343650818,
    0.24678489565849304,
    0.2493451088666916,
    0.26646900177001953,
    0.23292358219623566,
    0.26067760586738586,
    0.2394525557756424,
    0.255781888961792,
    0.2426956444978714,
    0.25253868103027344,
    0.24546068906784058,
    0.08422574400901794,
    0.1571502536535263,
    0.0962858721613884,
    0.1568477600812912,
    0.10894393920898438,
    0.15882425010204315,
    0.11577019095420837,
    0.16253815591335297,
    0.1199137270450592,
    0.16525991261005402,
    0.1012023314833641,
    0.15960417687892914,
    0.10937713086605072,
    0.16508135199546814,
    0.11461382359266281,
    0.16880668699741364,
    0.11853348463773727,
    0.17187289893627167,
    0.09468812495470047,
    0.16182132065296173,
    0.1037195548415184,
    0.16818225383758545,
    0.10892894864082336,
    0.1723494529724121,
    0.11249005049467087,
    0.17545801401138306,
    0.08970341831445694,
    0.16385787725448608,
    0.09776058793067932,
    0.1695016622543335,
    0.10211063176393509,
    0.17230859398841858,
    0.10476607829332352,
    0.17400211095809937,
    0.08609600365161896,
    0.16581960022449493,
    0.0921320989727974,
    0.17043717205524445,
    0.09521976858377457,
    0.17210237681865692,
    0.09701254963874817,
    0.1730656623840332
  ],
  "std": [
    0.25043800473213196,
    0.040492016822099686,
    0.2532215118408203,
    0.13037367165088654,
    0.14396195113658905,
    0.13007648289203644,
    0.09554936736822128,
    0.23279909789562225,
    0.15018634498119354,
    0.26775774359703064,
    0.3789098560810089,
    0.13050304353237152,
    0.42357581853866577,
    0.24997101724147797,
    0.39770856499671936,
    0.3288872539997101,
    0.24965791404247284,
    0.40117859840393066,
    0.17195063829421997,
    0.4016580879688263,
    0.15904340147972107,
    0.4074794054031372,
    0.15180914103984833,
    0.4128180742263794,
    0.3343144953250885,
    0.4038805067539215,
    0.340316504240036,
    0.4112045466899872,
    0.34901630878448486,
    0.41713809967041016,
    0.2231956571340561,
    0.031235158443450928,
    0.2772011458873749,
    0.030828604474663734,
    0.18856121599674225,
    0.044019024819135666,
    0.3135616183280945,
    0.037699002772569656,
    0.35774096846580505,
    0.4230916202068329,
    0.3665081858634949,
    0.42637157440185547,
    0.34018823504447937,
    0.42258769273757935,
    0.14482523500919342,
    0.41814884543418884,
    0.13821272552013397,
    0.4124012291431427,
    0.15894025564193726,
    0.4185808598995209,
    0.3948136568069458,
    0.33076155185699463,
    0.3795327842235565,
    0.3379613161087036,
    0.3677579462528229,
    0.3511813282966614,
    0.36385831236839294,
    0.364626944065094,
    0.3620169162750244,
    0.3749313950538635,
    0.38493114709854126,
    0.36289283633232117,
    0.3773466944694519,
    0.37890487909317017,
    0.3704317510128021,
    0.3881343603134155,
    0.36543509364128113,
    0.39476147294044495,
    0.3934575319290161,
    0.36462387442588806,
    0.3843453526496887,
    0.38118666410446167,
    0.37616661190986633,
    0.3904664218425751,
    0.36978980898857117,
    0.39714041352272034,
    0.3986203670501709,
    0.3642939329147339,
    0.39027589559555054,
    0.3783562183380127,
    0.3812583088874817,
    0.3872781991958618,
    0.3754313588142395,
    0.3941783010959625,
    0.40091216564178467,
    0.36289119720458984,
    0.39381441473960876,
    0.3748420476913452,
    0.3870842456817627,
    0.3806772828102112,
    0.3829698860645294,
    0.3857221007347107,
    0.15643921494483948,
    0.2688581943511963,
    0.1709209680557251,
    0.27258703112602234,
    0.1898154467344284,
    0.2819855213165283,
    0.20211532711982727,
    0.2926573157310486,
    0.21027754247188568,
    0.30070438981056213,
    0.1890246570110321,
    0.2903169095516205,
    0.20223236083984375,
    0.3036656677722931,
    0.2093336284160614,
    0.3112766444683075,
    0.21498271822929382,
    0.317128986120224,
    0.18322081863880157,
    0.2921926975250244,
    0.19728904962539673,
    0.30620405077934265,
    0.2027876377105713,
    0.313748836517334,
    0.20656535029411316,
    0.3194698393344879,
    0.17821604013442993,
    0.2925494909286499,
    0.1903756707906723,
    0.30459311604499817,
    0.19353635609149933,
    0.31091073155403137,
    0.1956826150417328,
    0.31556352972984314,
    0.1742679923772812,
    0.2923516631126404,
    0.18296179175376892,
    0.3021322190761566,
    0.18517643213272095,
    0.3062303364276886,
    0.18657070398330688,
    0.3094824552536011
  ],
  "total_frames": 33278063,